time,Drug,EGF_ligand,EGFR_total,EGFR_dimer,pEGFR,GRB2_SOS,RAS_GTP,pERK,pAKT,Phenotype,CBL_active,EGFR_ubiquitinated
0.0,1.0,1.0,0.4955192350585745,0.8259832116718386,1.5768771077219705,1.7536263230652507,1.6498741875407876,1.2522078906962741,1.1820740390378097,0.7538213895959527,1.122633550024897,1.2644680628023115
0.3,0.9646402934813227,1.0,0.49551923575193557,0.8259832084526035,1.576877097001066,1.7536263202465652,1.649874187111463,1.2522078886411456,1.1820740371314118,0.753821390046074,1.122633548254139,1.2644680501037313
0.6,0.9305308958100673,1.0,0.4955192365947369,0.825983205657272,1.5768770870395032,1.753626317514445,1.6498741866814584,1.2522078866599438,1.1820740352880763,0.7538213904795671,1.1226335465053006,1.2644680376927613
0.8999999999999999,0.8976275964299137,1.0,0.4955192375754294,0.8259832032767329,1.5768770778435537,1.7536263148768856,1.6498741862527693,1.252207884757891,1.1820740335129571,0.7538213908970455,1.122633544785226,1.2644680256111664
1.2,0.865887748059259,1.0,0.49551923868243086,0.8259832013004534,1.5768770694156737,1.7536263123410385,1.6498741858272827,1.25220788293958,1.1820740318106313,0.7538213912991256,1.1226335431002763,1.264468013897056
1.5,0.8352702114118612,1.0,0.4955192399041802,0.8259831997166003,1.5768770617546906,1.7536263099132225,1.6498741854067744,1.252207881208984,1.1820740301851085,0.7538213916864246,1.1226335414563235,1.264468002584899
1.7999999999999998,0.805735301874566,1.0,0.4955192412291892,0.8259831985121608,1.5768770548559945,1.7536263075989384,1.6498741849929048,1.252207879569472,1.1820740286398406,0.7538213920595583,1.1226335398587504,1.264467991705554
2.1,0.7772447380704937,1.0,0.49551924264609126,0.8259831976730635,1.576877048711738,1.7536263054028853,1.6498741845872187,1.2522078780238237,1.1820740271777364,0.7538213924191394,1.1226335383124504,1.2644679812863135
2.4,0.7497615922410161,1.0,0.4955192441436867,0.825983197184296,1.5768770433110377,1.753626303328981,1.6498741841911444,1.2522078765742477,1.1820740258011746,0.7538213927657753,1.122633536821831,1.2644679713509661
2.6999999999999997,0.7232502423822125,1.0,0.49551924571098555,0.8259831970300229,1.5768770386401803,1.7536263013803843,1.6498741838059923,1.2522078752223997,1.1820740245120218,0.7538213931000672,1.1226335353908188,1.2644679619198667
3.0,0.6976763260737658,1.0,0.49551924733724645,0.8259831971936995,1.576877034682832,1.7536262995595198,1.6498741834329556,1.2522078739694056,1.1820740233116493,0.7538213934226073,1.1226335340228653,1.2644679530100207
3.3,0.6730066959404571,1.0,0.49551924901201316,0.8259831976581851,1.576877031420247,1.753626297868104,1.6498741830731105,1.2522078728158814,1.1820740222009531,0.7538213937339785,1.1226335327209573,1.2644679446351805
3.5999999999999996,0.6492093766885269,1.0,0.4955192507251475,0.8259831984058502,1.5768770288314784,1.7536262963071754,1.649874182727418,1.2522078717619587,1.1820740211803742,0.7538213940347519,1.122633531487626,1.2644679368059488
3.9,0.6262535236612186,1.0,0.4955192524668589,0.8259831994186837,1.5768770268935868,1.7536262948771235,1.6498741823967245,1.252207870807307,1.1820740202499196,0.7538213943254861,1.122633530324959,1.264467929529894
4.2,0.6041093828597861,1.0,0.4955192542277315,0.8259832006783938,1.576877025581847,1.753626293577721,1.6498741820817648,1.2522078699511616,1.1820740194091852,0.7538213946067261,1.1226335292346152,1.2644679228116718
4.5,0.5827482523781471,1.0,0.4955192559987475,0.8259832021665062,1.5768770248699537,1.753626292408156,1.6498741817831637,1.2522078691923468,1.1820740186573784,0.7538213948790018,1.1226335282178368,1.2644679166531534
4.8,0.5621424452011943,1.0,0.49551925777130773,0.8259832038644576,1.576877024730223,1.7536262913670677,1.6498741815014393,1.252207868529304,1.182074017993342,0.7538213951428272,1.1226335272754675,1.2644679110535626
5.1,0.542265253318549,1.0,0.49551925953724957,0.8259832057536847,1.576877025133789,1.7536262904525783,1.6498741812370061,1.2522078679601187,1.1820740174155786,0.7538213953986997,1.1226335264079674,1.264467906009613
5.3999999999999995,0.5230909131072415,1.0,0.4955192612888614,0.8259832078157098,1.5768770260507965,1.7536262896623303,1.6498741809901785,1.2522078674825465,1.1820740169222739,0.753821395647099,1.122633525615432,1.2644679015156544
5.7,0.5045945719384486,1.0,0.49551926301889465,0.8259832100322195,1.576877027450589,1.7536262889935208,1.6498741807611739,1.2522078670940413,1.1820740165113226,0.753821395888487,1.12263352489761,1.2644678975638202
6.0,0.4867522559650089,1.0,0.4955192647205727,0.8259832123851404,1.5768770293018888,1.7536262884429377,1.649874180550118,1.2522078667917822,1.182074016180352,0.7538213961233062,1.122633524253922,1.264467894144177
6.3,0.4695408390479603,1.0,0.495519266387598,0.8259832148567092,1.5768770315729723,1.7536262880069953,1.6498741803570474,1.2522078665727001,1.1820740159267475,0.7538213963519805,1.122633523683481,1.2644678912448766
6.6,0.45293801278182744,1.0,0.49551926801415547,0.8259832174295371,1.5768770342318372,1.7536262876817705,1.6498741801819152,1.2522078664335055,1.182074015747676,0.7538213965749143,1.122633523185111,1.2644678888523093
6.8999999999999995,0.4369222575798054,1.0,0.49551926959491455,0.8259832200866705,1.5768770372463634,1.7536262874630373,1.649874180024595,1.2522078663707132,1.182074015640111,0.7538213967924915,1.1226335227573685,1.2644678869512564
7.199999999999999,0.4214728147813631,1.0,0.49551927112502836,0.8259832228116454,1.5768770405844648,1.753626287346302,1.649874179884886,1.2522078663806704,1.1820740156008558,0.7538213970050769,1.122633522398562,1.2644678855250424
7.5,0.4065696597461134,1.0,0.4955192726001309,0.8259832255885375,1.5768770442142348,1.7536262873268373,1.6498741797625167,1.2522078664595804,1.1820740156265672,0.7538213972130146,1.1226335221067734,1.264467884555686
7.8,0.39219347589907644,1.0,0.49551927401633206,0.8259832284020068,1.576877048104081,1.7536262873997166,1.6498741796571517,1.2522078666035277,1.182074015713778,0.7538213974166288,1.1226335218798773,1.2644678840240506
8.1,0.37832562969369443,1.0,0.4955192753702111,0.8259832312373374,1.5768770522228552,1.7536262875598456,1.6498741795683942,1.2522078668085024,1.1820740158589191,0.753821397616224,1.1226335217155623,1.2644678839099894
8.4,0.3649481464601473,1.0,0.49551927665880774,0.8259832340804728,1.576877056539971,1.7536262878019955,1.6498741794957925,1.2522078670704229,1.1820740160583418,0.7538213978120847,1.122633521611351,1.264467884192491
8.7,0.35204368710766465,1.0,0.49551927787961203,0.8259832369180453,1.576877061025514,1.7536262881208327,1.6498741794388447,1.2522078673851584,1.1820740163083376,0.7538213980044756,1.1226335215646193,1.2644678848498188
9.0,0.33959552565063666,1.0,0.49551927903055265,0.8259832397374024,1.5768770656503455,1.7536262885109484,1.6498741793970035,1.2522078677485506,1.1820740166051587,0.753821398193642,1.122633521572616,1.2644678858596476
9.299999999999999,0.3275875275293962,1.0,0.4955192801099837,0.8259832425266266,1.576877070386193,1.7536262889668888,1.649874179369681,1.2522078681564333,1.1820740169450372,0.7538213983798109,1.1226335216324832,1.2644678871991961
9.6,0.31600412869757055,1.0,0.49551928111667004,0.8259832452745526,1.5768770752057362,1.7536262894831804,1.6498741793562524,1.2522078686046523,1.1820740173242028,0.7538213985631901,1.1226335217412728,1.2644678888453542
9.9,0.304830315448899,1.0,0.4955192820497722,0.8259832479707788,1.576877080082682,1.753626290054357,1.649874179356063,1.2522078690890837,1.1820740177389009,0.7538213987439694,1.1226335218959667,1.264467890774805
10.2,0.29405160495736793,1.0,0.4955192829088294,0.8259832506056763,1.5768770849918305,1.7536262906749838,1.6498741793684308,1.2522078696056516,1.1820740181854081,0.7538213989223214,1.122633522093492,1.2644678929641424
10.5,0.2836540265054411,1.0,0.49551928369374226,0.825983253170392,1.5768770899091356,1.7536262913396807,1.6498741793926521,1.252207870150343,1.182074018660048,0.7538213990984015,1.1226335223307393,1.2644678953899822
10.799999999999999,0.27362410337605425,1.0,0.4955192844047548,0.8259832556568492,1.576877094811753,1.7536262920431445,1.649874179428005,1.252207870719224,1.1820740191592058,0.7538213992723485,1.1226335226045787,1.264467898029067
11.1,0.263948835384903,1.0,0.4955192850424352,0.8259832580577448,1.5768770996780834,1.753626292780168,1.6498741794737544,1.2522078713084528,1.182074019679341,0.7538213994442855,1.1226335229118745,1.2644679008583664
11.4,0.25461568203038504,1.0,0.4955192856076569,0.8259832603665423,1.5768771044878074,1.7536262935456601,1.6498741795291558,1.2522078719142933,1.1820740202169995,0.7538213996143206,1.1226335232495004,1.2644679038551707
11.7,0.24561254623935408,1.0,0.4955192861015787,0.8259832625774625,1.5768771092219105,1.7536262943346617,1.6498741795934584,1.2522078725331267,1.1820740207688265,0.7538213997825476,1.1226335236143528,1.2644679069971765
12.0,0.23692775868761992,1.0,0.49551928652562477,0.82598326468547,1.5768771138627042,1.753626295142363,1.6498741796659104,1.2522078731614608,1.1820740213315748,0.753821399949046,1.122633524003364,1.2644679102625689
12.299999999999999,0.22855006267487118,1.0,0.4955192868814645,0.8259832666862589,1.5768771183938375,1.7536262959641165,1.6498741797457612,1.2522078737959403,1.1820740219021153,0.7538214001138829,1.1226335244135144,1.264467913630095
12.6,0.2204685995344156,1.0,0.49551928717099225,0.8259832685762338,1.5768771228003022,1.7536262967954501,1.649874179832265,1.2522078744333554,1.1820740224774442,0.7538214002771128,1.1226335248418438,1.2644679170791322
12.9,0.2126728945588285,1.0,0.495519287396307,0.8259832703524905,1.576877127068433,1.7536262976320793,1.6498741799246843,1.2522078750706476,1.1820740230546913,0.7538214004387787,1.1226335252854611,1.2644679205897493
13.2,0.2051528434232655,1.0,0.49551928755969243,0.8259832720127925,1.5768771311858998,1.7536262984699156,1.6498741800222927,1.2522078757049173,1.1820740236311251,0.753821400598913,1.1226335257415554,1.2644679241427623
13.5,0.19789869908884322,1.0,0.49551928766359676,0.8259832735555481,1.5768771351416953,1.753626299305076,1.6498741801243773,1.2522078763334281,1.1820740242041592,0.753821400757538,1.1226335262074034,1.264467927719783
13.799999999999999,0.19090105916911274,1.0,0.49551928771061327,0.8259832749797832,1.576877138926117,1.7536263001338903,1.6498741802302421,1.252207876953611,1.1820740247713555,0.7538214009146668,1.1226335266803777,1.2644679313032616
14.1,0.18415085374325033,1.0,0.495519287703461,0.8259832762851145,1.5768771425307442,1.753626300952906,1.649874180339209,1.2522078775630667,1.182074025330429,0.7538214010703037,1.1226335271579544,1.2644679348765244
14.399999999999999,0.17763933360017087,1.0,0.4955192876449656,0.8259832774717206,1.5768771459484106,1.7536263017588938,1.6498741804506216,1.2522078781595698,1.1820740258792486,0.7538214012244456,1.1226335276377182,1.2644679384238036
14.7,0.17135805889832537,1.0,0.49551928753804136,0.8259832785403126,1.5768771491731715,1.75362630254885,1.6498741805638455,1.2522078787410678,1.1820740264158407,0.7538214013770824,1.1226335281173685,1.264467941930263
15.0,0.16529888822648509,1.0,0.4955192873856731,0.8259832794921028,1.5768771522002687,1.7536263033199992,1.6498741806782709,1.2522078793056828,1.1820740269383885,0.7538214015281975,1.122633528594724,1.2644679453820176
15.299999999999999,0.15945396805133308,1.0,0.49551928719089877,0.8259832803287737,1.5768771550260907,1.7536263040697941,1.6498741807933142,1.2522078798517107,1.1820740274452337,0.7538214016777686,1.1226335290677258,1.2644679487661477
15.6,0.15381572253818535,1.0,0.4955192869567933,0.825983281052446,1.5768771576481297,1.753626304795917,1.649874180908419,1.25220788037762,1.1820740279348747,0.7538214018257687,1.1226335295344423,1.2644679520707085
15.899999999999999,0.14837684373164914,1.0,0.49551928668645223,0.8259832816656464,1.5768771600649374,1.7536263054962775,1.649874181023057,1.2522078808820494,1.1820740284059659,0.7538214019721666,1.1226335299930685,1.2644679552847335
16.2,0.14313028208348952,1.0,0.4955192863829769,0.825983282171275,1.5768771622760749,1.75362630616901,1.64987418113673,1.252207881363807,1.182074028857315,0.7538214021169274,1.1226335304419306,1.2644679583982352
16.5,0.13806923731542828,1.0,0.4955192860494597,0.8259832825725728,1.5768771642820647,1.7536263068124718,1.6498741812489686,1.2522078818218645,1.1820740292878822,0.7538214022600132,1.1226335308794853,1.2644679614021987
16.8,0.1331871496050313,1.0,0.4955192856889705,0.8259832828730898,1.5768771660843375,1.7536263074252374,1.6498741813593356,1.2522078822553553,1.1820740296967758,0.7538214024013836,1.1226335313043199,1.264467964288574
17.099999999999998,0.12847769108326065,1.0,0.4955192853045441,0.8259832830766521,1.5768771676851792,1.7536263080060954,1.649874181467424,1.2522078826635694,1.1820740300832486,0.7538214025409969,1.1226335317151535,1.2644679670502623
17.4,0.12393475763267026,1.0,0.4955192848991677,0.8259832831873308,1.5768771690876762,1.7536263085540427,1.6498741815728584,1.2522078830459487,1.1820740304466943,0.7538214026788095,1.1226335321108343,1.2644679696810992
17.7,0.11955246097561562,1.0,0.49551928447577015,0.8259832832094107,1.5768771702956603,1.7536263090682773,1.6498741816752949,1.2522078834020816,1.1820740307866429,0.7538214028147775,1.1226335324903396,1.2644679721758352
18.0,0.11532512104222159,1.0,0.49551928403721146,0.8259832831473597,1.5768771713136531,1.7536263095481928,1.6498741817744207,1.2522078837316972,1.182074031102756,0.7538214029488565,1.1226335328527723,1.2644679745301117
18.3,0.11124725860821684,1.0,0.4955192835862733,0.8259832830057988,1.5768771721468093,1.7536263099933702,1.649874181869955,1.2522078840346602,1.1820740313948208,0.7538214030810023,1.1226335331973605,1.2644679767404359
18.599999999999998,0.1073135881930922,1.0,0.4955192831256503,0.8259832827894734,1.5768771728008606,1.7536263104035708,1.649874181961647,1.2522078843109636,1.1820740316627458,0.7538214032111717,1.1226335335234527,1.2644679788041508
18.9,0.10351901120937801,1.0,0.4955192826579424,0.8259832825032251,1.5768771732820592,1.7536263107787273,1.6498741820492766,1.2522078845607214,1.1820740319065541,0.7538214033393222,1.122633533830516,1.2644679807194061
19.2,0.09985860935416128,1.0,0.4955192821856476,0.8259832821519647,1.5768771735971243,1.7536263111189365,1.6498741821326541,1.252207884784164,1.182074032126377,0.7538214034654126,1.122633534118131,1.2644679824851228
19.5,0.0963276382342766,1.0,0.4955192817111563,0.8259832817406464,1.5768771737531857,1.7536263114244486,1.6498741822116183,1.252207884981629,1.1820740323224492,0.753821403589404,1.1226335343859895,1.2644679841009596
19.8,0.0929215212169084,1.0,0.4955192812367453,0.8259832812742426,1.5768771737577303,1.7536263116956596,1.6498741822860366,1.2522078851535556,1.1820740324951011,0.7538214037112587,1.122633534633888,1.2644679855672771
20.099999999999998,0.08963584349763443,1.0,0.495519280764574,0.8259832807577207,1.5768771736185503,1.7536263119331017,1.6498741823558039,1.2522078853004768,1.1820740326447532,0.753821403830942,1.1226335348617258,1.2644679868850983
20.4,0.08646634637822094,1.0,0.49551928029667996,0.8259832801960202,1.5768771733436917,1.7536263121374331,1.649874182420842,1.2522078854230119,1.1820740327719088,0.7538214039484216,1.122633535069498,1.2644679880560705
20.7,0.08340892174675403,1.0,0.4955192798349763,0.8259832795940323,1.5768771729414037,1.7536263123094296,1.6498741824810987,1.2522078855218595,1.1820740328771484,0.7538214040636676,1.122633535257292,1.2644679890824266
21.0,0.08045960675295138,1.0,0.49551927938124923,0.8259832789565794,1.5768771724200916,1.753626312449974,1.6498741825365453,1.2522078855977903,1.182074032961122,0.7538214041766538,1.1226335354252819,1.264467989966943
21.3,0.07761457867175357,1.0,0.4955192789371566,0.825983278288397,1.5768771717882704,1.7536263125600473,1.649874182587177,1.2522078856516399,1.182074033024543,0.7538214042873564,1.1226335355737223,1.2644679907129004
21.599999999999998,0.07487014994853745,1.0,0.4955192785042265,0.8259832775941169,1.5768771710545189,1.7536263126407188,1.649874182633011,1.252207885684301,1.1820740330681823,0.7538214043957556,1.1226335357029444,1.2644679913240413
21.9,0.07222276341952903,1.0,0.49551927808385776,0.8259832768782506,1.5768771702274398,1.7536263126931366,1.649874182674086,1.2522078856967178,1.1820740330928607,0.7538214045018342,1.1226335358133503,1.264467991804531
22.2,0.06966898770122142,1.0,0.4955192776773195,0.8259832761451754,1.5768771693156163,1.7536263127185188,1.64987418271046,1.252207885689877,1.1820740330994435,0.7538214046055791,1.1226335359054065,1.264467992158915
22.5,0.06720551274282152,1.0,0.49551927728575246,0.8259832753991219,1.5768771683275764,1.7536263127181433,1.6498741827422094,1.252207885664803,1.182074033088834,0.7538214047069804,1.1226335359796396,1.2644679923920799
22.8,0.06482914553596078,1.0,0.49551927691017017,0.8259832746441613,1.5768771672717559,1.7536263126933402,1.649874182769428,1.2522078856225503,1.1820740330619666,0.7538214048060321,1.1226335360366297,1.2644679925092128
23.099999999999998,0.06253680597610953,1.0,0.4955192765514612,0.8259832738841956,1.5768771661564642,1.753626312645482,1.6498741827922254,1.2522078855641974,1.1820740330198023,0.7538214049027312,1.1226335360770066,1.264467992515763
23.4,0.060325522870330196,1.0,0.4955192762103912,0.8259832731229483,1.576877164989854,1.7536263125759763,1.6498741828107255,1.2522078854908407,1.1820740329633224,0.7538214049970786,1.1226335361014421,1.2644679924174025
23.7,0.058192430086195575,1.0,0.49551927588760597,0.825983272363957,1.5768771637798913,1.7536263124862557,1.6498741828250656,1.252207885403588,1.1820740328935224,0.7538214050890789,1.1226335361106474,1.2644679922199895
24.0,0.0561347628368799,1.0,0.4955192755836345,0.8259832716105664,1.576877162534329,1.7536263123777722,1.6498741828353949,1.252207885303554,1.1820740328114074,0.7538214051787402,1.1226335361053659,1.2644679919295319
24.3,0.05414985409760814,1.0,0.49551927529889295,0.8259832708659232,1.576877161260683,1.7536263122519875,1.6498741828418728,1.252207885191854,1.182074032717987,0.7538214052660736,1.1226335360863682,1.2644679915521517
24.599999999999998,0.052235131148818614,1.0,0.49551927503368814,0.8259832701329719,1.5768771599662086,1.7536263121103677,1.6498741828446686,1.252207885069599,1.1820740326142702,0.7538214053510939,1.1226335360544484,1.2644679910940522
24.9,0.050388112241558196,1.0,0.49551927478822205,0.8259832694144522,1.5768771586578834,1.7536263119543747,1.6498741828439591,1.2522078849378904,1.1820740325012606,0.7538214054338191,1.1226335360104185,1.2644679905614842
25.2,0.04860640338078849,1.0,0.4955192745625962,0.8259832687128964,1.5768771573423876,1.7536263117854614,1.6498741828399288,1.2522078847978162,1.182074032379953,0.7538214055142706,1.1226335359551036,1.2644679899607165
25.5,0.04688769522243301,1.0,0.4955192743568165,0.8259832680306289,1.5768771560260897,1.753626311605064,1.6498741828327668,1.252207884650447,1.1820740322513283,0.7538214055924725,1.122633535889338,1.264467989298005
25.8,0.04522976008014408,1.0,0.4955192741707979,0.8259832673697662,1.5768771547150335,1.7536263114145976,1.6498741828226675,1.2522078844968305,1.1820740321163505,0.7538214056684517,1.12263353581396,1.2644679885795662
26.099999999999998,0.04363044903790949,1.0,0.49551927400436974,0.8259832667322186,1.5768771534149273,1.7536263112154498,1.6498741828098284,1.2522078843379896,1.1820740319759624,0.7538214057422385,1.1226335357298096,1.2644679878115497
26.4,0.042087689164756505,1.0,0.49551927385728073,0.8259832661196906,1.576877152131135,1.7536263110089763,1.6498741827944496,1.252207884174918,1.1820740318310834,0.7538214058138653,1.1226335356377226,1.264467987000014
26.7,0.04059948082794327,1.0,0.49551927372920457,0.8259832655336858,1.5768771508686696,1.7536263107964962,1.6498741827767318,1.2522078840085777,1.1820740316826057,0.7538214058833671,1.1226335355385282,1.2644679861509038
27.0,0.0391638951011548,1.0,0.49551927361974474,0.8259832649755084,1.5768771496321887,1.7536263105792886,1.6498741827568764,1.2522078838398953,1.1820740315313922,0.7538214059507812,1.1226335354330452,1.264467985270029
27.3,0.03777907126434449,1.0,0.4955192735284405,0.8259832644462692,1.5768771484259907,1.7536263103585876,1.6498741827350842,1.2522078836697612,1.182074031378273,0.7538214060161471,1.1226335353220789,1.264467984363044
27.599999999999998,0.03644321439198053,1.0,0.49551927345477204,0.8259832639468893,1.5768771472540142,1.7536263101355798,1.6498741827115546,1.2522078834990256,1.1820740312240448,0.7538214060795065,1.122633535206418,1.2644679834354313
27.9,0.03515459302657108,1.0,0.495519273398166,0.825983263478106,1.5768771461198394,1.753626309911401,1.6498741826864844,1.2522078833284986,1.182074031069468,0.7538214061409024,1.1226335350868322,1.2644679824924843
28.2,0.03391153693445307,1.0,0.49551927335800056,0.8259832630404798,1.5768771450266892,1.7536263096871336,1.6498741826600674,1.2522078831589467,1.182074030915266,0.7538214062003799,1.1226335349640688,1.2644679815392939
28.5,0.0327124349409356,1.0,0.4955192733336113,0.8259832626343993,1.5768771439774325,1.7536263094638054,1.6498741826324934,1.2522078829910932,1.182074030762122,0.7538214062579851,1.122633534838852,1.2644679805807348
28.799999999999997,0.031555732841991986,1.0,0.4955192733242958,0.8259832622600898,1.5768771429745911,1.7536263092423858,1.649874182603948,1.2522078828256156,1.1820740306106803,0.753821406313766,1.1226335347118788,1.2644679796214553
29.099999999999998,0.030439931389793735,1.0,0.4955192733293194,0.82598326191762,1.5768771420203445,1.7536263090237867,1.6498741825746113,1.252207882663146,1.1820740304615431,0.7538214063677712,1.1226335345838192,1.2644679786658666
29.4,0.029363584349475634,1.0,0.49551927334791973,0.8259832616069097,1.5768771411165383,1.753626308808859,1.6498741825446577,1.2522078825042704,1.1820740303152721,0.7538214064200504,1.1226335344553129,1.264467977718136
29.7,0.028325296624612823,1.0,0.4955192733793119,0.8259832613277382,1.5768771402646935,1.7536263085983936,1.649874182514256,1.2522078823495277,1.1820740301723867,0.7538214064706539,1.122633534326969,1.2644679767821803
30.0,0.02732372244898059,1.0,0.49551927342269314,0.8259832610797524,1.5768771394660148,1.7536263083931203,1.6498741824835677,1.252207882199411,1.1820740300333634,0.7538214065196329,1.1226335341993645,1.2644679758616602
30.299999999999997,0.026357563642252987,1.0,0.4955192734772475,0.8259832608624749,1.5768771387214031,1.7536263081937071,1.6498741824527476,1.2522078820543654,1.1820740298986372,0.7538214065670389,1.122633534073043,1.2644679749599774
30.599999999999998,0.025425567927379357,1.0,0.4955192735421501,0.825983260675313,1.576877138031466,1.753626308000762,1.6498741824219432,1.2522078819147913,1.182074029768601,0.7538214066129236,1.1226335339485145,1.2644679740802724
30.9,0.02452652730745807,1.0,0.4955192736165712,0.8259832605175677,1.57687713739653,1.7536263078148302,1.6498741823912937,1.2522078817810431,1.182074029643606,0.7538214066573389,1.1226335338262543,1.2644679732254236
31.2,0.023659276500003393,1.0,0.49551927369968085,0.8259832603884409,1.576877136816655,1.7536263076363985,1.6498741823609313,1.2522078816534306,1.182074029523962,0.7538214067003365,1.122633533706703,1.2644679723980474
31.5,0.0228226914265763,1.0,0.49551927379065186,0.8259832602870463,1.5768771362916458,1.753626307465894,1.6498741823309795,1.2522078815322186,1.1820740294099388,0.753821406741968,1.1226335335902664,1.2644679716005
31.799999999999997,0.022015687755821477,1.0,0.4955192738886641,0.825983260212416,1.5768771358210676,1.7536263073036853,1.6498741823015537,1.2522078814176305,1.1820740293017664,0.7538214067822849,1.1226335334773143,1.2644679708348807
32.1,0.02123721949802207,1.0,0.4955192739929076,0.8259832601635102,1.5768771354042592,1.7536263071500844,1.6498741822727612,1.252207881309847,1.1820740291996368,0.753821406821338,1.1226335333681825,1.264467970103034
32.4,0.020486277649350692,1.0,0.4955192741025856,0.8259832601392257,1.576877135040349,1.7536263070053477,1.6498741822447,1.2522078812090085,1.1820740291037035,0.7538214068591776,1.1226335332631714,1.2644679694065557
32.699999999999996,0.019761888884059105,1.0,0.49551927421691777,0.8259832601384035,1.5768771347282688,1.753626306869678,1.649874182217461,1.252207881115217,1.1820740290140852,0.7538214068958533,1.1226335331625477,1.2644679687467986
33.0,0.019063114292911888,1.0,0.4955192743351427,0.8259832601598376,1.5768771344667694,1.753626306743227,1.6498741821911258,1.2522078810285369,1.1820740289308642,0.7538214069314139,1.1226335330665438,1.2644679681248772
33.3,0.01838904816622867,1.0,0.49551927445652066,0.8259832602022825,1.5768771342544345,1.753626306626095,1.6498741821657679,1.2522078809489967,1.1820740288540905,0.7538214069659072,1.1226335329753592,1.2644679675416766
33.6,0.017738816819957506,1.0,0.49551927458033546,0.8259832602644614,1.5768771340896977,1.7536263065183368,1.6498741821414524,1.2522078808765909,1.1820740287837819,0.7538214069993802,1.1226335328891612,1.2644679669978602
33.9,0.017111577463258178,1.0,0.4955192747058969,0.8259832603450731,1.576877133970856,1.75362630641996,1.6498741821182366,1.2522078808112815,1.1820740287199254,0.7538214070318787,1.1226335328080863,1.2644679664938765
34.199999999999996,0.01650651710612718,1.0,0.4955192748325424,0.8259832604427995,1.5768771338960843,1.753626306330929,1.6498741820961695,1.252207880753001,1.1820740286624796,0.7538214070634474,1.1226335327322392,1.26446796602997
34.5,0.015922851505648938,1.0,0.4955192749596383,0.8259832605563125,1.5768771338634515,1.7536263062511683,1.6498741820752927,1.2522078807016523,1.1820740286113758,0.7538214070941296,1.1226335326616967,1.2644679656061895
34.8,0.015359824149507262,1.0,0.4955192750865821,0.8259832606842806,1.5768771338709335,1.7536263061805637,1.64987418205564,1.2522078806571122,1.18207402856652,0.7538214071239676,1.1226335325965071,1.2644679652223987
35.1,0.014816705275439362,1.0,0.49551927521280265,0.8259832608253747,1.5768771339164278,1.7536263061189648,1.6498741820372378,1.252207880619233,1.1820740285277949,0.753821407153002,1.1226335325366912,1.2644679648782855
35.4,0.014292790925361957,1.0,0.49551927533776163,0.8259832609782747,1.5768771339977665,1.753626306066188,1.6498741820201055,1.2522078805878434,1.1820740284950606,0.7538214071812722,1.1226335324822447,1.2644679645733732
35.699999999999996,0.013787402032942944,1.0,0.4955192754609543,0.8259832611416744,1.5768771341127308,1.7536263060220196,1.649874182004256,1.2522078805627523,1.1820740284681575,0.7538214072088162,1.1226335324331396,1.264467964307031
36.0,0.013299883543436431,1.0,0.49551927558191,0.8259832613142873,1.5768771342590624,1.7536263059862167,1.6498741819896952,1.2522078805437493,1.1820740284469076,0.7538214072356703,1.122633532389324,1.2644679640784842
36.3,0.012829603564640128,1.0,0.4955192757001924,0.8259832614948515,1.5768771344344765,1.753626305958511,1.6498741819764229,1.2522078805306072,1.1820740284311164,0.7538214072618695,1.1226335323507246,1.2644679638868266
36.6,0.012375952547874524,1.0,0.49551927581540006,0.8259832616821332,1.5768771346366737,1.7536263059386121,1.6498741819644336,1.2522078805230838,1.1820740284205746,0.7538214072874473,1.1226335323172492,1.2644679637310297
36.9,0.011938342497922564,1.0,0.4955192759271661,0.8259832618749323,1.5768771348633508,1.7536263059262076,1.6498741819537155,1.2522078805209234,1.1820740284150593,0.7538214073124355,1.1226335322887857,1.264467963609955
37.199999999999996,0.01151620621090547,1.0,0.4955192760351584,0.825983262072085,1.576877135112212,1.7536263059209676,1.649874181944252,1.2522078805238595,1.1820740284143365,0.7538214073368645,1.1226335322652057,1.2644679635223641
37.5,0.011108996539107152,1.0,0.49551927613907903,0.8259832622724677,1.5768771353809785,1.7536263059225465,1.6498741819360214,1.2522078805316157,1.1820740284181626,0.753821407360763,1.1226335322463648,1.2644679634669298
37.8,0.010716185681794214,1.0,0.49551927623866404,0.8259832624750002,1.5768771356673985,1.753626305930586,1.6498741819289982,1.2522078805439083,1.1820740284262854,0.753821407384158,1.1226335322321044,1.264467963442247
38.1,0.010337264501112251,1.0,0.4955192763336829,0.825983262678648,1.5768771359692553,1.753626305944716,1.6498741819231515,1.2522078805604473,1.1820740284384463,0.7538214074070756,1.1226335322222536,1.2644679634468425
38.4,0.009971741862172007,1.0,0.49551927642393784,0.825983262882425,1.5768771362843763,1.7536263059645578,1.6498741819184477,1.2522078805809385,1.1820740284543816,0.7538214074295397,1.1226335322166299,1.2644679634791858
38.699999999999996,0.009619143996469735,1.0,0.4955192765092628,0.8259832630853952,1.5768771366106409,1.7536263059897268,1.6498741819148492,1.2522078806050843,1.1820740284738243,0.7538214074515732,1.122633532215041,1.264467963537698
39.0,0.009279013887816948,1.0,0.495519276589523,0.8259832632866747,1.5768771369459866,1.7536263060198334,1.6498741819123155,1.252207880632586,1.1820740284965043,0.7538214074731971,1.1226335322172858,1.2644679636207634
39.3,0.008950910679983472,1.0,0.49551927666461354,0.8259832634854328,1.576877137288416,1.7536263060544852,1.6498741819108032,1.2522078806631458,1.1820740285221518,0.7538214074944315,1.1226335322231569,1.264467963726737
39.6,0.008634409105286024,1.0,0.4955192767344586,0.8259832636808933,1.576877137636002,1.7536263060932906,1.6498741819102662,1.252207880696466,1.182074028550497,0.7538214075152946,1.1226335322324401,1.2644679638539547
39.9,0.008329098933381816,1.0,0.49551927679901014,0.8259832638723347,1.5768771379868942,1.753626306135858,1.6498741819106573,1.252207880732253,1.1820740285812708,0.7538214075358033,1.1226335322449175,1.2644679640007404
40.199999999999996,0.008034584439552569,1.0,0.4955192768582467,0.8259832640590912,1.5768771383393214,1.7536263061817996,1.6498741819119263,1.252207880770216,1.182074028614208,0.7538214075559735,1.122633532260367,1.264467964165416
40.5,0.007750483891789904,1.0,0.4955192769121723,0.825983264240553,1.5768771386915978,1.7536263062307318,1.6498741819140226,1.2522078808100696,1.182074028649047,0.7538214075758194,1.1226335322785654,1.264467964346308
40.8,0.007476429056017239,1.0,0.49551927696081494,0.8259832644161655,1.5768771390421246,1.753626306282277,1.6498741819168936,1.2522078808515347,1.1820740286855307,0.7538214075953542,1.1226335322992875,1.2644679645417554
41.1,0.0072120647188068515,1.0,0.49551927700422504,0.8259832645854296,1.5768771393893937,1.7536263063360655,1.6498741819204865,1.252207880894339,1.182074028723408,0.7538214076145898,1.1226335323223091,1.2644679647501162
41.4,0.006957048226973593,1.0,0.4955192770424746,0.8259832647479006,1.5768771397319892,1.7536263063917368,1.6498741819247476,1.2522078809382184,1.1820740287624343,0.7538214076335372,1.1226335323474064,1.2644679649697745
41.699999999999996,0.006711049043448364,1.0,0.4955192770756553,0.825983264903188,1.57687714006859,1.7536263064489392,1.649874181929623,1.2522078809829176,1.1820740288023723,0.753821407652206,1.1226335323743581,1.2644679651991464
42.0,0.006473748318855821,1.0,0.4955192771038771,0.8259832650509541,1.5768771403979702,1.7536263065073336,1.6498741819350589,1.25220788102819,1.182074028842993,0.7538214076706048,1.1226335324029455,1.2644679654366846
42.3,0.00624483847824097,1.0,0.4955192771272671,0.8259832651909128,1.5768771407190003,1.753626306566592,1.6498741819410014,1.2522078810737998,1.1820740288840756,0.7538214076887413,1.122633532432954,1.264467965680885
42.6,0.006024022822408938,1.0,0.4955192771459677,0.8259832653228286,1.5768771410306468,1.7536263066263995,1.6498741819473977,1.2522078811195219,1.1820740289254095,0.7538214077066223,1.1226335324641734,1.2644679659302906
42.9,0.005811015143361327,1.0,0.49551927716013555,0.8259832654465146,1.5768771413319724,1.753626306686455,1.6498741819541947,1.2522078811651414,1.1820740289667928,0.7538214077242538,1.122633532496399,1.2644679661834957
43.199999999999996,0.0056055393533305485,1.0,0.49551927716993965,0.8259832655618311,1.5768771416221352,1.7536263067464721,1.649874181961341,1.252207881210456,1.1820740290080345,0.7538214077416407,1.1226335325294317,1.2644679664391496
43.5,0.0054073291269314495,1.0,0.4955192771755603,0.825983265668684,1.5768771419003877,1.753626306806179,1.6498741819687859,1.2522078812552746,1.182074029048954,0.7538214077587875,1.1226335325630796,1.2644679666959602
43.8,0.005216127555966349,1.0,0.49551927717718774,0.8259832657670221,1.5768771421660752,1.7536263068653193,1.6498741819764804,1.2522078812994186,1.1820740290893808,0.7538214077756977,1.1226335325971575,1.2644679669526968
44.1,0.005031686816436016,1.0,0.4955192771750203,0.8259832658568362,1.5768771424186339,1.7536263069236528,1.6498741819843759,1.2522078813427213,1.1820740291291563,0.7538214077923744,1.1226335326314876,1.2644679672081924
44.4,0.004853767847325122,1.0,0.4955192771692636,0.8259832659381565,1.5768771426575892,1.753626306980955,1.6498741819924267,1.252207881385029,1.1820740291681326,0.7538214078088197,1.1226335326659005,1.2644679674613462
44.699999999999996,0.004682140040745663,1.0,0.49551927716012895,0.8259832660110499,1.5768771428825528,1.7536263070370175,1.6498741820005876,1.2522078814261994,1.1820740292061733,0.7538214078250355,1.122633532700235,1.2644679677111241
45.0,0.0045165809430368796,1.0,0.4955192771478322,0.8259832660756186,1.5768771430932205,1.753626307091649,1.649874182008816,1.2522078814661042,1.1820740292431529,0.7538214078410231,1.1226335327343384,1.2644679679565614
45.3,0.004356875966434179,1.0,0.49551927713259253,0.8259832661319972,1.5768771432893685,1.7536263071446736,1.6498741820170708,1.2522078815046258,1.182074029278958,0.7538214078567835,1.1226335327680674,1.2644679681967628
45.6,0.004202818110933332,1.0,0.49551927711463106,0.8259832661803513,1.576877143470851,1.753626307195933,1.6498741820253129,1.2522078815416606,1.1820740293134853,0.7538214078723172,1.1226335328012873,1.264467968430903
45.9,0.004054207695989521,1.0,0.49551927709417015,0.825983266220874,1.576877143637597,1.753626307245284,1.6498741820335057,1.252207881577116,1.1820740293466434,0.7538214078876243,1.1226335328338728,1.2644679686582265
46.199999999999996,0.003910852101703384,1.0,0.49551927707143195,0.8259832662537843,1.5768771437896059,1.7536263072926002,1.6498741820416138,1.252207881610912,1.182074029378352,0.7538214079027047,1.1226335328657082,1.2644679688780485
46.5,0.003772565519158664,1.0,0.49551927704663756,0.8259832662793246,1.5768771439269442,1.7536263073377707,1.6498741820496052,1.2522078816429796,1.182074029408541,0.7538214079175578,1.122633532896687,1.264467969089753
46.8,0.0036391687095878645,1.0,0.49551927702000614,0.8259832662977586,1.5768771440497422,1.7536263073807004,1.6498741820574492,1.2522078816732622,1.182074029437151,0.7538214079321833,1.1226335329267119,1.2644679692927934
47.1,0.0035104887720536905,1.0,0.49551927699175374,0.8259832663093686,1.57687714415819,1.7536263074213085,1.6498741820651173,1.2522078817017135,1.1820740294641332,0.7538214079465803,1.1226335329556953,1.2644679694866907
47.4,0.0033863589193452587,1.0,0.4955192769620929,0.8259832663144535,1.5768771442525324,1.75362630745953,1.6498741820725842,1.2522078817282984,1.1820740294894483,0.7538214079607479,1.1226335329835588,1.264467969671032
47.699999999999996,0.003266618261798503,1.0,0.4955192769312314,0.8259832663133266,1.5768771443330671,1.7536263074953136,1.649874182079826,1.2522078817529916,1.182074029513067,0.7538214079746852,1.122633533010233,1.2644679698454695
48.0,0.003151111598767226,1.0,0.4955192768993719,0.8259832663063135,1.5768771444001386,1.7536263075286216,1.649874182086821,1.2522078817757782,1.182074029534969,0.7538214079883911,1.1226335330356578,1.2644679700097186
